year,day_of_year,T2M,T2M_MAX,T2M_MIN
2020,1,26.51,29.56,24.39
2020,2,26.43,29.48,24.49
2020,3,25.62,28.68,23.64
2020,4,25.37,29.08,22.71
2020,5,25.1,28.21,22.98
2020,6,25.68,29.16,23.22
2020,7,26.09,29.73,23.62
2020,8,26.18,29.65,23.72
2020,9,26.13,29.87,23.66
2020,10,25.82,29.24,23.26
2020,11,26.01,29.4,23.35
2020,12,26.01,29.05,23.16
2020,13,26.01,28.98,23.85
2020,14,26.15,29.82,23.57
2020,15,26.1,29.78,23.61
2020,16,26.69,30.51,23.48
2020,17,27.31,30.76,24.49
2020,18,27.06,30.44,24.51
2020,19,26.73,30.37,23.99
2020,20,26.24,30.08,23.66
2020,21,25.3,29.11,22.72
2020,22,25.23,29.48,21.9
2020,23,25.74,29.89,22.44
2020,24,26.39,30.17,23.62
2020,25,26.63,29.77,24.61
2020,26,27.01,30.19,24.71
2020,27,26.8,30.51,23.94
2020,28,26.26,30.08,23.49
2020,29,25.56,29.08,22.58
2020,30,25.44,28.83,22.65
2020,31,24.8,28.51,22.36
2020,32,24.21,28.01,21.58
2020,33,24.14,28.07,21.63
2020,34,24.13,27.97,21.58
2020,35,24.53,28.89,20.73
2020,36,25.79,30.01,22.34
2020,37,26.09,29.96,23.46
2020,38,26.48,30.14,23.92
2020,39,26.75,29.87,24.98
2020,40,25.85,29.08,24.05
2020,41,24.84,27.89,23.05
2020,42,24.82,28.62,22.08
2020,43,25.05,29.07,21.69
2020,44,25.6,29.68,22.24
2020,45,26.08,29.87,23.29
2020,46,26.25,30.38,22.96
2020,47,26.49,30.89,22.15
2020,48,26.45,30.33,23.61
2020,49,25.26,28.5,23.1
2020,50,24.58,28.65,22
2020,51,24,27.73,21.4
2020,52,24.33,27.69,21.51
2020,53,24.08,27.41,21.05
2020,54,25.1,28.37,22.16
2020,55,26,29.6,23.43
2020,56,25.73,28.89,23.54
2020,57,25.75,29.44,22.95
2020,58,25.64,28.95,23.25
2020,59,25.63,29.09,22.85
2020,60,26.08,29.65,23.39
2020,61,26.44,29.7,23.71
2020,62,26.09,29.9,23.08
2020,63,26.26,29.79,23.21
2020,64,26.26,29.75,23.7
2020,65,26.81,30.68,23.23
2020,66,27.16,30.58,24.26
2020,67,27.8,31.28,25.01
2020,68,28.33,31.22,25.84
2020,69,28.61,31.58,25.91
2020,70,29,31.67,26.56
2020,71,28.37,31.37,25.77
2020,72,27.57,30.8,24.9
2020,73,28.05,31.26,24.74
2020,74,28.26,31.7,25.23
2020,75,27.15,29.64,25.33
2020,76,26.67,29.67,24.85
2020,77,26.17,29.54,23.98
2020,78,26.76,30.12,23.92
2020,79,27.25,30.65,23.77
2020,80,27.56,30.83,24.58
2020,81,27.4,30.8,24.46
2020,82,27.6,30.83,24.73
2020,83,27.45,30.8,24.83
2020,84,27.09,30.39,24.4
2020,85,26.69,30.03,24.4
2020,86,26.8,30.22,23.69
2020,87,27.2,30.56,24.26
2020,88,27.51,31.12,24.08
2020,89,27.79,31.05,25.33
2020,90,27.69,30.87,24.98
2020,91,27.59,30.73,24.54
2020,92,28.06,31.26,24.9
2020,93,27.73,31.12,25.3
2020,94,27.38,31.05,24.38
2020,95,27.53,31.05,24.48
2020,96,27.24,30.71,24.65
2020,97,27.59,30.81,24.46
2020,98,27.91,31.08,24.86
2020,99,28.51,31.26,26.13
2020,100,28.27,30.77,26.28
2020,101,28.11,31.21,25.72
2020,102,28.19,31.42,25.48
2020,103,27.43,29.38,25.84
2020,104,28.37,31.73,25.75
2020,105,27.38,30.8,25.28
2020,106,27.98,31.44,25.29
2020,107,28.68,31.53,26.04
2020,108,28.41,31.05,26.53
2020,109,28.34,30.69,26.53
2020,110,28.63,31.62,26.35
2020,111,28.64,31.68,26.12
2020,112,28.82,32.15,25.44
2020,113,28.8,31.47,26.27
2020,114,28.85,32.12,26.65
2020,115,28.49,31.73,26.08
2020,116,28.48,31.19,26.4
2020,117,28.69,31.33,26.33
2020,118,28.35,31.46,26.02
2020,119,27.93,31.4,25.4
2020,120,28.44,31.54,25.75
2020,121,28.55,31.35,26.39
2020,122,28.51,31.8,25.89
2020,123,28.65,31.92,25.71
2020,124,29.11,31.92,26.66
2020,125,29.39,31.72,27.23
2020,126,29.62,31.9,27.31
2020,127,29.9,31.99,27.77
2020,128,29.79,31.36,28.5
2020,129,30.01,32.62,27.48
2020,130,29.94,32.69,27.2
2020,131,30.19,32.64,27.72
2020,132,29.76,32.24,27.25
2020,133,30.19,32.8,27.39
2020,134,30.14,32.84,28.15
2020,135,29.38,31.49,27.78
2020,136,28.59,30.44,27.43
2020,137,28.71,29.8,27.17
2020,138,28.12,28.58,27.22
2020,139,29.05,30.25,28.08
2020,140,29.18,30.73,28.12
2020,141,29.76,31.59,27.9
2020,142,29.96,32.41,27.93
2020,143,29,29.76,28.1
2020,144,28.92,30.7,27.92
2020,145,29.44,31.3,27.89
2020,146,29.69,32.19,27.86
2020,147,29.69,31.58,28.09
2020,148,29.48,31.73,28.06
2020,149,29.58,32.03,27.9
2020,150,29.89,32.23,27.77
2020,151,29.55,32.08,27.55
2020,152,29.5,32.02,27.4
2020,153,29.33,31.83,27.31
2020,154,29.69,32.41,27.12
2020,155,29.52,32.01,27.87
2020,156,30.05,32.58,27.87
2020,157,30.49,32.8,28.41
2020,158,30.54,33.12,27.9
2020,159,30.01,31.72,28.25
2020,160,29.1,29.8,28.28
2020,161,29.51,31.88,27.71
2020,162,28.87,30.71,27.39
2020,163,27.99,29.31,27.19
2020,164,27.29,27.57,26.96
2020,165,27.65,29.44,26.45
2020,166,28.08,30.14,26.26
2020,167,27.94,29.28,26.51
2020,168,28.3,30.42,26.15
2020,169,28.85,30.74,26.4
2020,170,29.23,31.19,27.04
2020,171,28.43,29.69,27.45
2020,172,28.32,29.94,27.08
2020,173,28.75,30.25,27.19
2020,174,29.33,30.8,27.37
2020,175,29.54,30.98,27.88
2020,176,29.35,30.41,28.16
2020,177,28.58,29.52,27.62
2020,178,28.08,29.37,26.67
2020,179,28.01,29.45,26.88
2020,180,27.32,28.26,26.24
2020,181,27.53,29.01,26.4
2020,182,27.98,29.17,26.64
2020,183,28.51,30,26.97
2020,184,28.97,30.19,27.7
2020,185,28.72,30.04,27.36
2020,186,28.05,29.33,26.76
2020,187,27.64,28.4,26.49
2020,188,28.71,30.25,27.16
2020,189,28.96,31.34,27.08
2020,190,28.55,29.79,26.87
2020,191,28.83,29.87,27.37
2020,192,28.83,30.18,27.73
2020,193,27.74,28.8,26.76
2020,194,27.95,29.51,26.67
2020,195,27.24,27.91,26.67
2020,196,28.34,29.8,26.68
2020,197,29,30.4,27.52
2020,198,28.62,30.58,27.28
2020,199,28.72,30.3,27.08
2020,200,28.57,30.65,26.73
2020,201,27.73,28.97,26.47
2020,202,27.62,29.75,26.08
2020,203,28.14,30.08,26.31
2020,204,28.11,30.05,26.43
2020,205,28.55,30.59,26.53
2020,206,28.01,29.48,26.56
2020,207,28.3,29.87,26.7
2020,208,28.92,30.25,27.65
2020,209,29.15,30.93,27.37
2020,210,28.3,29.52,27.27
2020,211,27.31,28.32,26.63
2020,212,27.25,27.83,26.58
2020,213,27.48,28.62,26.42
2020,214,27.03,27.96,26.3
2020,215,27.21,27.9,26.21
2020,216,28.43,30.01,26.74
2020,217,28.28,29.73,26.88
2020,218,27.95,29.94,26.51
2020,219,27.67,29.1,26.46
2020,220,27.3,29.07,26.24
2020,221,27.37,28.4,26.05
2020,222,27.78,28.32,27.21
2020,223,27.76,28.94,26.77
2020,224,28.7,30.86,26.48
2020,225,27.69,28.67,26.69
2020,226,27.6,29.24,26.05
2020,227,26.5,27.62,25.46
2020,228,26.65,27.68,25.48
2020,229,27.19,28.2,26.29
2020,230,27.47,28.68,26.62
2020,231,27.04,28.19,26.21
2020,232,27.4,29.05,26.22
2020,233,27.43,29.23,26.08
2020,234,26.8,27.7,25.71
2020,235,27.81,29.05,26.61
2020,236,27.75,28.95,26.64
2020,237,27.94,29.16,26.73
2020,238,28.14,29.46,26.85
2020,239,28.15,29.56,26.66
2020,240,27.81,28.99,26.94
2020,241,28.15,29.44,26.87
2020,242,27.94,29.13,26.92
2020,243,27.71,29.06,26.86
2020,244,27.8,29.18,26.34
2020,245,28.01,29.67,26.65
2020,246,28.04,29.25,26.79
2020,247,28.29,29.95,26.78
2020,248,28.57,30.57,26.71
2020,249,28.39,30.08,26.9
2020,250,27.78,29,26.08
2020,251,28.02,29.58,26.01
2020,252,29.02,30.86,27.62
2020,253,28.75,30.59,26.79
2020,254,28.31,29.86,27.26
2020,255,28.46,31.01,26.37
2020,256,28.26,29.71,27.07
2020,257,29.33,31.71,26.94
2020,258,28.87,30.56,27.3
2020,259,27.54,28.37,26.77
2020,260,27.34,28.56,26.61
2020,261,26.94,27.87,26.3
2020,262,27.45,29.27,25.93
2020,263,28.16,30.8,25.33
2020,264,28.27,29.69,26.53
2020,265,28.76,30.59,27.01
2020,266,28.26,29.64,27.24
2020,267,27.9,28.86,27.15
2020,268,27.55,28.67,26.75
2020,269,27.29,27.99,26.78
2020,270,27.68,28.9,26.49
2020,271,28.51,30.23,27.29
2020,272,28.32,30.02,27.21
2020,273,27.59,29.05,26.81
2020,274,27.73,28.8,26.74
2020,275,28.32,29.97,27.37
2020,276,27.96,29.24,26.85
2020,277,27.81,28.89,27.14
2020,278,28.2,29.88,26.86
2020,279,28.18,31,25.62
2020,280,28.2,30.02,26.49
2020,281,28.16,29.29,27.21
2020,282,27.58,28.87,26.79
2020,283,27.33,28.72,26.22
2020,284,27.2,28.35,26.3
2020,285,26.86,27.77,26.15
2020,286,26.88,27.71,26.03
2020,287,27.24,28.83,25.81
2020,288,27.06,28.87,25.35
2020,289,26.92,27.85,26.01
2020,290,27.51,29.75,25.39
2020,291,27.95,30.17,26.11
2020,292,27.61,28.82,26.46
2020,293,27.94,30.25,25.9
2020,294,27.67,28.76,26.96
2020,295,27.89,28.69,27.3
2020,296,27.86,28.96,27.07
2020,297,27.57,28.6,26.84
2020,298,27.56,28.83,26.55
2020,299,27.11,28.13,26.2
2020,300,27.25,28.44,26.28
2020,301,26.87,27.87,26.12
2020,302,27.44,28.98,26.08
2020,303,27.73,29.83,25.57
2020,304,27.68,29.73,25.82
2020,305,27.44,29.87,25.63
2020,306,25.65,26.51,24.67
2020,307,27.05,28.29,26.05
2020,308,27.54,29.1,26.18
2020,309,26.94,28.24,26.03
2020,310,27.41,29.73,25.52
2020,311,27.56,29.44,25.65
2020,312,27.2,29.5,25.65
2020,313,27.2,29.21,25.8
2020,314,27.14,28.2,26.21
2020,315,27.42,28.73,26.32
2020,316,27.31,29.02,26.17
2020,317,26.9,27.69,26.15
2020,318,27.31,28.66,26.28
2020,319,27.05,29.08,25.58
2020,320,26.98,29.33,25.39
2020,321,26.89,29.51,25
2020,322,26.88,29.01,25.23
2020,323,26.87,28.73,25.16
2020,324,27.11,29.74,25.32
2020,325,27.41,29.96,25.16
2020,326,27.14,29.52,25.23
2020,327,26.4,29.13,24.78
2020,328,25.83,28.3,23.76
2020,329,25.99,28.69,24
2020,330,25.81,28.66,23.67
2020,331,26.23,29.31,23.35
2020,332,26.69,28.59,25.26
2020,333,26.76,28.32,25.51
2020,334,26.71,28.66,25.36
2020,335,26.24,28.58,24.04
2020,336,25.69,28.43,23.07
2020,337,26.72,29.23,24.31
2020,338,26.23,27.49,25.29
2020,339,26.33,27.69,25.13
2020,340,26.54,28.06,25.29
2020,341,26.69,28.05,25.54
2020,342,26.51,28.02,25.12
2020,343,26.45,27.65,25.39
2020,344,26.95,29.35,25.01
2020,345,26.62,27.99,25.51
2020,346,27.03,29.08,25.09
2020,347,27.24,29.58,25.23
2020,348,27.15,29.23,25.55
2020,349,27.01,29.43,25.14
2020,350,26.5,28.49,24.87
2020,351,26.26,28.73,24.62
2020,352,26.18,28.62,24.27
2020,353,26.57,28.95,24.9
2020,354,25.94,26.6,25.15
2020,355,25.41,26.69,24.16
2020,356,26.22,28.08,24.75
2020,357,26.91,29.58,25.05
2020,358,26.63,28.08,25.49
2020,359,26.89,29.49,24.53
2020,360,26.56,29.26,24.32
2020,361,26.55,28.71,24.7
2020,362,26,26.8,25.37
2020,363,26.61,27.98,25.4
2020,364,26.62,28.21,25.58
2020,365,27.12,29.37,25
2020,366,24.44,26.23,23.08
2021,1,24.01,26.04,22.53
2021,2,25.08,27.78,23.17
2021,3,25.97,28.24,24.21
2021,4,26.4,28.85,24.71
2021,5,26.46,29.29,24.42
2021,6,25.83,28.87,23.76
2021,7,25.91,28.82,23.8
2021,8,25.76,28.48,24.15
2021,9,24.28,26.31,22.86
2021,10,23.73,25.45,22.67
2021,11,23.96,26.22,22.43
2021,12,23.7,25.79,21.94
2021,13,24.46,27.14,22.31
2021,14,25.24,28.27,22.99
2021,15,25.6,28.44,23.78
2021,16,25.33,28.11,23.87
2021,17,25.48,28.33,23.23
2021,18,25.27,27.83,23.9
2021,19,25.5,28.16,23.94
2021,20,25.53,27.06,24.08
2021,21,26.43,28.25,25.26
2021,22,25.8,26.62,25.05
2021,23,26.06,26.84,25.41
2021,24,26.81,29.1,24.94
2021,25,26.79,29.44,24.92
2021,26,26.8,29.63,24.61
2021,27,26.3,28.98,24.65
2021,28,25.48,27.8,23.98
2021,29,24.55,26.96,22.76
2021,30,23.36,25.94,21.35
2021,31,23.52,26.76,21.17
2021,32,24.31,27.54,21.75
2021,33,25.21,28.81,22.66
2021,34,24.97,27.75,23.09
2021,35,25.05,28.23,22.91
2021,36,25.3,28.44,23.12
2021,37,25.91,29.09,23.42
2021,38,26.23,29.53,23.85
2021,39,25.77,28.42,23.69
2021,40,25.65,28.03,24.11
2021,41,25.97,28.23,24.26
2021,42,26.4,29.23,24.33
2021,43,26.71,29.69,23.99
2021,44,25.81,28.98,23.31
2021,45,25.53,27.78,23.79
2021,46,25.87,29.02,23.58
2021,47,25.74,29.03,23.37
2021,48,25.76,29.17,22.84
2021,49,24.99,28.1,23.28
2021,50,23.63,26.97,21.57
2021,51,23.11,26.4,20.8
2021,52,24.4,28.23,20.88
2021,53,25.62,28.69,23.3
2021,54,26.35,28.81,24.25
2021,55,27.22,30.14,24.73
2021,56,27.01,30.09,24.39
2021,57,26.98,30.19,23.55
2021,58,27.65,30.4,25.23
2021,59,27.44,30.61,24.92
2021,60,27.59,30.69,25.25
2021,61,27.76,31.08,24.75
2021,62,27.42,30.8,25.24
2021,63,27.16,30.71,24.78
2021,64,27.01,30.94,24.4
2021,65,26.84,30.76,23.81
2021,66,26.73,30.69,24
2021,67,26.76,30.65,23.69
2021,68,26.62,30.34,24.26
2021,69,26.59,30.83,23.44
2021,70,26.9,30.76,23.94
2021,71,26.5,29.37,24.31
2021,72,26.55,29.55,24.66
2021,73,26.53,29.82,24.37
2021,74,27.27,30.4,24.73
2021,75,27.58,30.19,25.48
2021,76,28.13,30.62,25.65
2021,77,28.41,31.28,25.73
2021,78,28.19,30.69,25.76
2021,79,28.14,30.73,25.87
2021,80,27.89,30.76,25.62
2021,81,27.53,30.26,25.69
2021,82,27.14,30.59,25.12
2021,83,27.37,31.08,24.72
2021,84,27.96,32.23,24.83
2021,85,27.88,31.84,24.34
2021,86,28.67,32.29,25.24
2021,87,28.97,32.61,25.51
2021,88,29.33,33.13,25.98
2021,89,29.07,32.98,25.4
2021,90,29.07,33.25,25.69
2021,91,28.76,33.05,25.65
2021,92,28.45,32.8,25.03
2021,93,28.56,33.1,24.35
2021,94,28.86,32.93,25.06
2021,95,28.93,33.26,25.56
2021,96,29.05,32.95,25.98
2021,97,28.64,32.91,25.06
2021,98,28.51,32.19,25.39
2021,99,28.44,32.07,25.44
2021,100,28.43,32.76,25.22
2021,101,28.5,32.8,25.28
2021,102,29.22,34.23,24.9
2021,103,29.16,33.48,26.15
2021,104,29.21,31.99,26.76
2021,105,29.31,32.49,26.59
2021,106,29.36,33.54,26.1
2021,107,29.53,33.98,26.05
2021,108,29.68,34.2,26.37
2021,109,29.42,33.3,26.53
2021,110,28.87,32.14,26.75
2021,111,28.62,30.76,26.9
2021,112,29.11,32.43,26.85
2021,113,29.06,32.37,26.56
2021,114,29.12,33.05,25.96
2021,115,28.8,32.48,25.36
2021,116,28.87,32.54,26.13
2021,117,28.43,32.49,25.4
2021,118,29.35,33.86,25.73
2021,119,29.13,33.37,25.98
2021,120,29.82,33.86,26.56
2021,121,30.66,35.18,26.6
2021,122,30.38,35.11,26.2
2021,123,29.85,34.42,26.74
2021,124,29.53,33.27,26.73
2021,125,29.85,33.98,26.98
2021,126,30.2,34.58,26.81
2021,127,29.49,32.58,27.16
2021,128,29.21,31.83,26.9
2021,129,30.01,33.12,26.69
2021,130,29.66,32.39,27.66
2021,131,29.89,33.01,27.28
2021,132,30.33,34.41,27.49
2021,133,30.2,34.38,27.3
2021,134,30.4,34.76,27.27
2021,135,29.65,32.21,27.5
2021,136,30.29,34.22,27.01
2021,137,30.66,35.21,27.15
2021,138,29.48,31.58,28.02
2021,139,30.22,34.09,27.71
2021,140,30.07,33.51,27.33
2021,141,28.6,30.45,27.46
2021,142,28.44,30.71,26.88
2021,143,29.94,33.69,27.05
2021,144,30.04,33.41,27.33
2021,145,30.9,34.58,27.65
2021,146,30.51,34.42,27.5
2021,147,31.04,34.2,28.48
2021,148,30.71,33.37,28.7
2021,149,30.9,34.59,28.19
2021,150,30.23,32.32,28.42
2021,151,30.01,34.01,26.72
2021,152,30.2,32.19,28.72
2021,153,28.95,30.2,27.94
2021,154,28.84,30.37,27.58
2021,155,28.95,30.53,27.69
2021,156,28.99,30.8,27.62
2021,157,28.91,30.16,28.06
2021,158,27.95,28.94,26.79
2021,159,27.08,28.31,26.15
2021,160,27.05,28.34,25.93
2021,161,27.59,28.82,26.65
2021,162,27.65,29.29,26.35
2021,163,28.01,29.48,26.79
2021,164,27.75,29.73,26.41
2021,165,27.29,28.5,26.03
2021,166,28.13,29.78,26.63
2021,167,28.32,29.87,27.04
2021,168,28.63,30.73,27.17
2021,169,28.46,30.01,27.13
2021,170,28.15,29.19,27.19
2021,171,28.1,29.01,27.23
2021,172,27.9,28.88,27.07
2021,173,27.94,29.35,26.91
2021,174,27.93,29.36,26.78
2021,175,27.73,28.61,26.8
2021,176,27.49,28.17,26.97
2021,177,27.95,29.4,26.76
2021,178,28.09,29.48,27.11
2021,179,28.26,30.31,27.12
2021,180,28.18,29.78,26.91
2021,181,28.35,29.78,27.15
2021,182,28.47,30,27.37
2021,183,28.58,30.26,27.12
2021,184,28.22,30.09,26.31
2021,185,28.06,30.39,26.92
2021,186,27.54,28.65,26.69
2021,187,27.02,27.62,26.37
2021,188,28.07,30.52,25.81
2021,189,28.33,30.52,26.69
2021,190,28.19,29.86,26.84
2021,191,27.73,29.05,26.69
2021,192,28.07,30.23,26.1
2021,193,28.38,30.61,26.7
2021,194,28.41,29.87,26.83
2021,195,29.06,31.51,27.22
2021,196,27.8,28.97,27
2021,197,27.78,29.03,26.62
2021,198,27.7,28.49,27.08
2021,199,27.26,28.25,26.4
2021,200,27.7,28.95,26.36
2021,201,27.78,28.62,26.87
2021,202,27.98,28.68,27.45
2021,203,28.15,28.98,27.66
2021,204,28.15,28.9,27.55
2021,205,28.08,28.6,27.69
2021,206,28.13,28.85,27.7
2021,207,28.15,29.08,27.59
2021,208,28.19,29.1,27.47
2021,209,28.09,28.75,27.66
2021,210,27.94,28.72,27.38
2021,211,28,28.89,27.41
2021,212,27.94,28.8,27.43
2021,213,28.01,29.03,27.26
2021,214,27.93,28.8,27.35
2021,215,28.06,28.95,27.44
2021,216,28.08,28.99,27.5
2021,217,28.12,29.12,27.44
2021,218,28.22,29.25,27.53
2021,219,28.32,29.62,27.47
2021,220,28.11,29.37,27.2
2021,221,27.8,28.76,26.92
2021,222,26.8,27.69,26.12
2021,223,26.4,27.36,25.64
2021,224,27.73,29.25,26.05
2021,225,28.09,29.72,26.64
2021,226,27.75,29.08,26.14
2021,227,28.12,29.82,26.83
2021,228,27.62,28.78,26.71
2021,229,28.45,30.69,26.3
2021,230,28.18,29.76,26.71
2021,231,28.2,29.61,27.06
2021,232,28.3,30.4,26.55
2021,233,27.51,28.65,26.64
2021,234,27.82,30.01,25.97
2021,235,27.02,27.87,26.23
2021,236,26.76,27.78,25.97
2021,237,27.19,28.35,25.97
2021,238,27.26,29.01,25.93
2021,239,27.3,29.2,25.8
2021,240,28.03,30.09,26.27
2021,241,27.49,29.09,26.2
2021,242,28.3,30.77,26.12
2021,243,28.12,29.48,27.02
2021,244,27.33,28.22,26.77
2021,245,27.51,29.33,26.29
2021,246,27.25,28.32,26.15
2021,247,27.44,28.58,26.31
2021,248,27.8,29.17,26.61
2021,249,27.3,27.94,26.73
2021,250,27.57,28.8,26.12
2021,251,27.04,27.76,26.42
2021,252,27.52,28.71,26.59
2021,253,27.52,28.24,26.76
2021,254,27.46,28.01,26.86
2021,255,27.43,28.19,26.62
2021,256,27.69,29.08,26.43
2021,257,27.84,29.76,26.1
2021,258,27.8,29.15,26.12
2021,259,28.61,30.58,26.81
2021,260,27.69,29.78,25.63
2021,261,27.81,29.19,26.69
2021,262,27.75,29.26,26.48
2021,263,27.81,29.31,26.5
2021,264,27.53,29.12,26.26
2021,265,27.38,28.83,26.15
2021,266,27.95,30.03,26.12
2021,267,27.66,30.05,25.8
2021,268,27.84,29.72,25.96
2021,269,28.38,30.04,26.36
2021,270,28.75,30.49,27.66
2021,271,28.11,29.3,27.4
2021,272,28.22,29.25,27.4
2021,273,28.02,29.12,27.15
2021,274,27.82,28.84,26.82
2021,275,28.3,29.92,27.08
2021,276,27.76,29.51,26.39
2021,277,27.76,29.31,26.49
2021,278,27.71,29.17,26.64
2021,279,27.58,29.07,26.28
2021,280,27.31,28.41,26.62
2021,281,27.82,29.43,26.58
2021,282,27.83,28.99,26.8
2021,283,27.94,29.36,27.05
2021,284,28,29.3,27.26
2021,285,27.57,28.31,27.03
2021,286,27.43,28.83,26.46
2021,287,26.9,27.84,26.22
2021,288,26.83,28.18,26.11
2021,289,26.82,28.05,25.47
2021,290,27.51,29.31,26.22
2021,291,27.1,28.98,25.82
2021,292,27.56,30.51,25.26
2021,293,27.42,29.31,25.49
2021,294,27.43,28.86,26.08
2021,295,27.67,30.42,25.74
2021,296,27.48,29.59,25.95
2021,297,26.71,27.87,25.82
2021,298,26.58,27.9,25.52
2021,299,27.12,29.4,25.33
2021,300,27.36,30.33,25.28
2021,301,26.99,29.63,25.07
2021,302,26.78,29.65,24.62
2021,303,27.01,29.99,24.77
2021,304,26.58,29.22,24.52
2021,305,27.13,29.95,25.01
2021,306,27.04,30.08,24.94
2021,307,26.87,30.23,24.07
2021,308,27.28,30.27,25.15
2021,309,27.41,30.28,24.95
2021,310,27.77,29.6,26.42
2021,311,27.23,29.33,25.44
2021,312,27.3,28.95,26.2
2021,313,27.21,29.44,25.79
2021,314,26.96,29.38,25.21
2021,315,27.1,29.9,24.67
2021,316,26.96,28.61,25.84
2021,317,27.39,29.39,25.92
2021,318,27.46,29.75,25.65
2021,319,27.58,30.18,26.03
2021,320,27.67,30.51,25.83
2021,321,27.4,30.25,25.69
2021,322,27.57,30.32,25.62
2021,323,27.73,30.28,25.19
2021,324,27.87,30.58,25.74
2021,325,27.49,28.97,25.88
2021,326,27.88,29.95,26.05
2021,327,27.48,29.85,25.73
2021,328,27.36,30.08,25.77
2021,329,27.05,28.55,25.73
2021,330,26.8,28.17,25.69
2021,331,26.88,28.88,25.38
2021,332,26.89,28.93,25.25
2021,333,27.34,29.32,25.54
2021,334,27.87,30.25,25.63
2021,335,27.08,29.71,24.45
2021,336,25.48,28.06,23.86
2021,337,25.16,27.99,23.49
2021,338,24.79,27.65,23.06
2021,339,24.65,27.86,22.2
2021,340,25.29,28.33,22.89
2021,341,25.43,28.83,22.94
2021,342,25.12,28.25,23.03
2021,343,24.92,28.16,22.87
2021,344,25.29,28.69,22.79
2021,345,26.2,29.8,23.72
2021,346,26.6,29.7,24.55
2021,347,26.1,28.94,24.58
2021,348,25.56,28.39,23.62
2021,349,25.82,29.62,23.22
2021,350,26.42,30.01,23.51
2021,351,26.93,29.37,25.08
2021,352,26.82,28.48,25.75
2021,353,26.6,28.62,25.26
2021,354,26.6,28.54,25.42
2021,355,26.57,28.54,25.23
2021,356,26.87,28.84,24.81
2021,357,27.1,29.98,24.78
2021,358,26.74,29.93,24.64
2021,359,26.35,29.4,24.2
2021,360,26.15,29,24.24
2021,361,25.11,27.05,23.84
2021,362,24.69,26.84,23.46
2021,363,25.3,28.83,22.91
2021,364,25.06,28.37,23.2
2021,365,24.48,27.65,22.15
2022,1,24.54,27.8,22.59
2022,2,24.49,27.73,22.16
2022,3,24.63,28.07,22.33
2022,4,24.76,28.01,22.37
2022,5,25.07,28.47,22.73
2022,6,25.27,28.59,22.75
2022,7,25.55,29.31,22.62
2022,8,26.1,29.5,23.4
2022,9,26.41,29.18,23.68
2022,10,26.39,29.83,23.48
2022,11,26.08,30.09,22.98
2022,12,25.37,29.41,22.88
2022,13,25.3,29.06,22.81
2022,14,24.87,28.62,22.59
2022,15,24.35,28.29,21.69
2022,16,24.54,28.9,21.94
2022,17,24.46,28.57,21.55
2022,18,24.8,29.03,21.76
2022,19,25.76,29.71,22.48
2022,20,26.06,29.67,23.78
2022,21,26.31,29.98,23.78
2022,22,26.3,29.8,23.83
2022,23,26.59,29.95,23.8
2022,24,26.86,30.8,23.74
2022,25,26.74,30.79,24.25
2022,26,26.31,29.02,24.64
2022,27,26.83,29.76,25.01
2022,28,27.43,30.78,25.16
2022,29,27.21,30.52,24.56
2022,30,26.86,28.39,25.78
2022,31,26.49,30.2,24.15
2022,32,26.26,30.42,23.74
2022,33,26.07,29.92,23.44
2022,34,26.4,29.95,23.9
2022,35,26.59,31.01,23.83
2022,36,26.5,30.37,24.06
2022,37,26.19,30.12,23.78
2022,38,26.26,29.8,23.64
2022,39,27,30.81,24.2
2022,40,26.73,31.05,23.86
2022,41,26.52,30.86,23.66
2022,42,26.4,30.79,23.6
2022,43,26.31,29.6,23.71
2022,44,26.66,29.57,24.82
2022,45,27.22,30.4,24.33
2022,46,27.34,30.8,24.94
2022,47,27,30.87,24.3
2022,48,26.99,30.71,24.44
2022,49,27.54,31.37,24.52
2022,50,27.92,32,24.76
2022,51,27.52,31.46,24.88
2022,52,27.01,30.87,24.37
2022,53,26.83,30.33,24.71
2022,54,27.02,31.05,24.67
2022,55,27.07,31.52,24.14
2022,56,26.7,30.7,23.83
2022,57,26.6,30.45,24.15
2022,58,26.8,31.13,24.14
2022,59,26.8,31.14,23.68
2022,60,27.05,31.62,23.81
2022,61,27.37,31.95,23.89
2022,62,27.64,32.15,24.69
2022,63,27.67,32.15,24.02
2022,64,28.01,32.92,23.71
2022,65,27.56,32.51,24.4
2022,66,28.05,32.64,23.93
2022,67,28.16,32.89,24.71
2022,68,27.23,31.73,24.55
2022,69,27.46,31.72,24.34
2022,70,28.27,31.77,25.5
2022,71,28.56,31.63,26.04
2022,72,28.32,30.9,26.33
2022,73,28.4,31.8,25.74
2022,74,28.75,32.18,25.84
2022,75,28.37,31,26.1
2022,76,28.36,31,26.37
2022,77,28.25,30.43,26.15
2022,78,28.53,30.64,26.62
2022,79,27.9,30.77,25.87
2022,80,28.45,32.01,25.55
2022,81,28.89,32.33,26.14
2022,82,29.03,32.65,25.8
2022,83,28.69,32.83,26.05
2022,84,29,33.04,25.76
2022,85,29.06,32.26,25.8
2022,86,29.48,33.7,26.13
2022,87,28.91,33.01,25.64
2022,88,28.18,30.79,26.27
2022,89,28.68,32.51,25.87
2022,90,28.9,32.86,25.78
2022,91,28.55,31.9,26.1
2022,92,28.2,32.65,25.1
2022,93,28.09,32.39,25.07
2022,94,28.03,32.63,24.59
2022,95,27.93,31.23,25.9
2022,96,27.65,30.44,25.56
2022,97,28.18,31.46,25.29
2022,98,27.94,30.5,25.88
2022,99,28.39,31.64,25.48
2022,100,27.82,30.99,25.41
2022,101,27.49,29.8,25.62
2022,102,27.09,28.6,26.07
2022,103,27.79,30.38,25.92
2022,104,28.16,31.01,25.93
2022,105,28.68,32.33,25.55
2022,106,27.56,28.84,26.32
2022,107,27.97,31.26,25.77
2022,108,27.98,31.93,25.45
2022,109,27.94,32,24.72
2022,110,28.42,32.47,25.08
2022,111,29.02,32.41,25.84
2022,112,28.8,31.98,26.27
2022,113,28.87,32.94,25.73
2022,114,29.47,33.55,26.05
2022,115,28.68,31.43,26.76
2022,116,28.4,30.9,26.55
2022,117,28.7,31.67,26.61
2022,118,28.62,31.25,26.7
2022,119,29.17,32.1,26.76
2022,120,28.89,31.47,26.64
2022,121,29.53,32.97,26.62
2022,122,29.63,32.93,26.35
2022,123,29.72,33.18,26.54
2022,124,29.9,33.66,26.56
2022,125,30.08,33.8,26.53
2022,126,30.33,34.35,26.85
2022,127,30.15,34.06,27.01
2022,128,30.14,34.18,27.34
2022,129,29.89,34.12,26.65
2022,130,29.8,34.06,26.49
2022,131,30.02,33.99,26.33
2022,132,30.4,34.05,26.87
2022,133,30.34,33.37,27.92
2022,134,30.15,33.29,27.81
2022,135,28.61,30.15,27.16
2022,136,28.15,29.75,27.03
2022,137,27.9,29.64,26.72
2022,138,28.51,31.01,26.75
2022,139,27.82,29.24,26.52
2022,140,27.4,28.23,26.64
2022,141,28.03,29.59,26.85
2022,142,27.64,28.98,26.68
2022,143,28.05,29.93,26.42
2022,144,29.16,31.3,27.2
2022,145,28.94,30.07,27.97
2022,146,28.53,29.76,27.51
2022,147,28.94,30.75,27.24
2022,148,27.65,28.89,26.76
2022,149,28.26,29.86,26.75
2022,150,28.47,29.94,27.08
2022,151,28.55,30.5,26.99
2022,152,27.72,28.83,26.7
2022,153,27.44,28.43,26.75
2022,154,28.3,29.74,26.78
2022,155,28.73,30.34,27.37
2022,156,28.91,30.7,27.56
2022,157,28.4,30.08,27.34
2022,158,28.05,28.94,27
2022,159,28.39,29.33,27.35
2022,160,28.91,30.55,27.51
2022,161,28.98,30.55,27.26
2022,162,28.89,29.97,27.26
2022,163,29.23,30.74,27.73
2022,164,28.87,30.41,27.51
2022,165,28.65,29.81,27.54
2022,166,29.01,31.23,27.23
2022,167,28.95,31.06,26.94
2022,168,29.35,31.2,27.61
2022,169,28.93,29.9,27.66
2022,170,29.04,30.26,27.8
2022,171,28.91,30.48,27.21
2022,172,28.41,29.63,27.12
2022,173,27.9,28.92,26.66
2022,174,28.56,31.12,26.4
2022,175,28.08,29.52,26.46
2022,176,28.65,30.13,27.02
2022,177,28.9,30.44,27.36
2022,178,27.62,28.92,26.78
2022,179,26.9,27.65,26.05
2022,180,27.19,28.11,26.17
2022,181,27.98,29.06,26.96
2022,182,27.58,28.33,27.02
2022,183,27.75,28.92,26.6
2022,184,28.26,29.64,26.56
2022,185,28.53,30.33,26.73
2022,186,28.76,30.74,27.34
2022,187,27.87,29.28,26.82
2022,188,28.31,30.29,26.69
2022,189,27.34,28.3,26.67
2022,190,28.07,29.67,26.9
2022,191,28.52,30.62,27.3
2022,192,28.01,29.1,27.15
2022,193,27.96,29.38,26.93
2022,194,27.51,28.49,26.53
2022,195,28.24,29.35,27.02
2022,196,28.6,29.83,27.64
2022,197,28.2,29.12,27.44
2022,198,27.82,29.01,26.87
2022,199,27.38,29.05,26.13
2022,200,27.8,29.18,26.38
2022,201,28.52,30,26.88
2022,202,28.36,29.77,27.13
2022,203,28.63,30.28,27.01
2022,204,28.98,30.67,27.09
2022,205,28.86,30.33,27.12
2022,206,28.84,30.7,27.39
2022,207,28.69,30.85,27.19
2022,208,28.14,29.4,27.17
2022,209,28,28.84,27.23
2022,210,28.07,28.79,27.37
2022,211,27.64,28.38,26.5
2022,212,27.07,28.09,26.36
2022,213,26.97,27.99,26.11
2022,214,27.23,28.68,25.85
2022,215,28.13,29.27,26.96
2022,216,27.78,28.94,26.73
2022,217,26.65,27.14,26.1
2022,218,26.58,27.38,25.83
2022,219,26.55,27.58,25.58
2022,220,26.76,27.62,25.93
2022,221,27.12,28.35,26.15
2022,222,27.12,27.98,26.26
2022,223,26.87,27.69,25.98
2022,224,27.55,29.15,26.32
2022,225,27.82,29.18,26.62
2022,226,27.98,29.9,26.52
2022,227,27.02,27.66,26.45
2022,228,27.29,28.29,26.18
2022,229,27.35,28.33,26.45
2022,230,26.83,27.78,25.88
2022,231,27.43,28.9,25.82
2022,232,27.83,28.98,26.37
2022,233,27.53,28.84,26.39
2022,234,27.25,27.84,26.79
2022,235,27.06,27.57,26.62
2022,236,27.48,28.61,26.6
2022,237,28.26,30.08,26.27
2022,238,28.48,29.8,26.69
2022,239,28.44,30.49,26.62
2022,240,28.06,29.34,26.45
2022,241,27.41,28.31,26.51
2022,242,27.57,28.85,26.3
2022,243,27.75,29.28,26.91
2022,244,27.61,28.64,26.82
2022,245,27.73,28.49,27.18
2022,246,27.73,28.51,27.16
2022,247,27.87,28.82,27.15
2022,248,27.65,28.71,26.9
2022,249,27.71,28.8,26.74
2022,250,28.24,29.66,26.76
2022,251,28.79,31.15,26.65
2022,252,27.44,28.23,26.46
2022,253,27.17,28.16,26.45
2022,254,27.11,28.28,26.17
2022,255,27.62,28.76,26.48
2022,256,27.48,28.37,26.72
2022,257,27.62,28.71,26.5
2022,258,27.73,28.55,27.05
2022,259,27.04,27.91,26.12
2022,260,27.3,28.68,26.01
2022,261,27.37,28.56,26.31
2022,262,27.4,28.26,26.51
2022,263,26.92,28.33,26.02
2022,264,26.94,28.18,25.87
2022,265,27.3,28.93,25.82
2022,266,26.51,27.38,25.71
2022,267,27.3,29.1,25.76
2022,268,27.15,27.55,26.63
2022,269,27.6,28.88,26.71
2022,270,26.84,27.93,25.69
2022,271,27.15,28.13,26.25
2022,272,27.19,27.69,26.46
2022,273,27.03,28.19,26.18
2022,274,27.4,29.53,25.82
2022,275,27.07,28.19,26.03
2022,276,27.3,28.83,26.21
2022,277,27.16,28.36,26.32
2022,278,27.26,28.91,25.81
2022,279,27.3,28.93,25.99
2022,280,27.32,29.4,25.67
2022,281,27.59,29.98,25.86
2022,282,27.76,29.9,25.72
2022,283,27.96,30.24,25.87
2022,284,28.27,29.64,27.1
2022,285,27.85,28.87,27.13
2022,286,28.18,29.49,26.87
2022,287,27.81,28.63,27.12
2022,288,27.85,28.76,27.12
2022,289,27.83,28.83,26.99
2022,290,27.87,28.87,27.12
2022,291,27.7,29.21,26.7
2022,292,27.46,28.97,26.44
2022,293,27.41,28.7,26.34
2022,294,27.66,28.91,26.45
2022,295,28.08,29.85,26.37
2022,296,27.65,29.3,26.25
2022,297,27.97,30.23,26.4
2022,298,27.59,29.05,26.25
2022,299,27.53,29.87,25.7
2022,300,27.9,30.48,25.26
2022,301,27.58,28.88,26.42
2022,302,27.25,28.05,26.51
2022,303,27.59,28.72,26.97
2022,304,27.68,28.53,26.91
2022,305,27.56,28.78,26.51
2022,306,27.64,29.41,26.22
2022,307,27.69,29.44,26.01
2022,308,27.16,28.92,25.69
2022,309,27.1,29.11,25.59
2022,310,27.17,29.4,25.39
2022,311,27.41,29.4,25.63
2022,312,27.24,28.76,26.01
2022,313,27.15,29.34,25.29
2022,314,27.66,29.64,26.15
2022,315,27.41,29.16,26.15
2022,316,27.03,28.76,25.48
2022,317,27.13,28.76,25.48
2022,318,27.65,30.28,25.83
2022,319,27.28,29.42,25.77
2022,320,27.23,29.73,25.66
2022,321,26.89,28.53,25.46
2022,322,26.72,28.65,25.15
2022,323,26.41,28.08,24.85
2022,324,26.53,27.8,25.44
2022,325,26.8,28.14,25.55
2022,326,27.25,29.79,25.39
2022,327,27.37,29.55,25.55
2022,328,27.48,29.63,25.75
2022,329,27.38,29.94,25.55
2022,330,27.18,29.87,24.77
2022,331,26.46,29.31,24.48
2022,332,26.98,30.02,24.19
2022,333,27.35,29.67,25.61
2022,334,27.26,29.85,25.23
2022,335,26.77,28.27,25.56
2022,336,26.8,29.39,25.09
2022,337,27.1,29.68,25.3
2022,338,27.23,29.65,25.62
2022,339,26.78,28.48,25.48
2022,340,27.18,29.69,25.16
2022,341,27.17,29.97,24.98
2022,342,26.87,29.54,25.11
2022,343,26.72,28.6,25.5
2022,344,26.98,28.92,25.48
2022,345,26.76,27.69,25.65
2022,346,26.73,28.21,25.34
2022,347,27.23,29.57,25.48
2022,348,26.82,28.44,25.57
2022,349,27.17,29.53,25.73
2022,350,26.95,28.83,25.4
2022,351,27.01,29.01,25.76
2022,352,25.67,27.39,23.9
2022,353,25.25,27.77,23.32
2022,354,25.9,27.81,24.83
2022,355,26.51,29.3,24.27
2022,356,25.64,28.1,23.41
2022,357,24.58,27.17,22.9
2022,358,23.33,24.52,22.28
2022,359,23.07,25.06,21.73
2022,360,23.15,25.38,21.8
2022,361,23.65,25.83,22.05
2022,362,24.5,27.56,22.5
2022,363,25.26,27.5,23.44
2022,364,26.23,28.71,24.64
2022,365,26.23,29.06,24.19
2023,1,25.99,27.63,24.51
2023,2,26.47,29.14,24.76
2023,3,26.03,28.08,24.56
2023,4,25.9,28.27,24.41
2023,5,25.94,27.79,24.77
2023,6,25.78,27.07,24.8
2023,7,25.23,27.68,23.53
2023,8,24.4,27.05,22.62
2023,9,24.58,27.63,22.05
2023,10,25.09,28.09,22.8
2023,11,25.15,28.08,23.12
2023,12,25.19,27.98,23.23
2023,13,25.4,28.44,22.98
2023,14,25.69,28.15,23.44
2023,15,25.78,27.57,24.09
2023,16,25.61,27.71,24.33
2023,17,25.52,27.69,24.11
2023,18,25.44,27.24,24.08
2023,19,25.73,28.51,23.93
2023,20,25.77,28.32,24.11
2023,21,25.39,28.12,23.39
2023,22,25.86,28.68,24.08
2023,23,25.96,29.1,23.56
2023,24,25.88,29.06,23.46
2023,25,24.34,26.96,22.44
2023,26,24.34,27.33,21.77
2023,27,24.79,26.75,23.01
2023,28,24.08,26.48,22.51
2023,29,23.7,26.44,21.66
2023,30,24.5,28,21.83
2023,31,24.92,27.87,23.19
2023,32,25.78,29.29,23.2
2023,33,26.32,29.68,23.87
2023,34,25.96,29.21,23.83
2023,35,25.31,28.58,23.15
2023,36,25.42,28.94,22.59
2023,37,26.2,29.46,23.99
2023,38,26.42,29.73,23.7
2023,39,25.75,29.01,23.51
2023,40,25.27,28.69,22.45
2023,41,26.05,29.54,23.01
2023,42,26.05,29.69,23.06
2023,43,26.21,30.22,23.26
2023,44,25.96,29.77,22.75
2023,45,25.68,29.98,22.78
2023,46,25.19,28.78,22.75
2023,47,25.3,28.55,23.12
2023,48,24.86,28.46,21.9
2023,49,24.99,27.55,22.92
2023,50,25.57,27.15,23.92
2023,51,26.72,29.01,24.25
2023,52,26.75,29.35,24.33
2023,53,26.37,30.54,22.67
2023,54,26.96,30.27,24.39
2023,55,27.49,30.68,24.58
2023,56,27.54,30.83,24.87
2023,57,26.55,29.64,24.68
2023,58,25.76,29.31,23.51
2023,59,25.63,29.27,23.15
2023,60,26.8,30.4,23.74
2023,61,26.19,30.11,23.33
2023,62,25.01,28.93,21.89
2023,63,25.73,30.16,22.19
2023,64,25.53,29.9,22.3
2023,65,25.31,30.03,21.68
2023,66,25.62,30.12,21.8
2023,67,26.37,30.38,22.8
2023,68,26.8,30.7,23.31
2023,69,26.17,30.26,23.37
2023,70,25.85,30.43,22.05
2023,71,26.42,30.59,22.62
2023,72,26.07,30.07,23.43
2023,73,26.49,31.02,22.74
2023,74,27.2,31.78,23.16
2023,75,27.67,31.79,24.67
2023,76,27.48,31.67,24.55
2023,77,27.69,32.17,24.06
2023,78,27.55,31.82,24.26
2023,79,27.2,31.68,23.9
2023,80,27.51,32.19,23.28
2023,81,28.3,32.72,23.76
2023,82,28.94,32.93,25.23
2023,83,29.15,33.4,25.33
2023,84,29.3,33.4,26.38
2023,85,29.52,34.18,25.55
2023,86,29.21,33.75,25.84
2023,87,29.22,33.52,25.6
2023,88,28.9,33.23,25.52
2023,89,29.01,32.96,24.94
2023,90,29.44,32.93,26.39
2023,91,29.37,33.07,26.36
2023,92,29.52,33.63,26.29
2023,93,29.29,33.08,26.03
2023,94,28.01,31.33,25.62
2023,95,28.08,32.19,24.96
2023,96,28.23,32.24,24.55
2023,97,28.86,33.05,25.32
2023,98,29.03,33.52,25.44
2023,99,28.68,33.03,25.37
2023,100,28.62,33.15,24.94
2023,101,28.74,33.42,25.35
2023,102,28.57,31.91,26.72
2023,103,27.38,29,26.06
2023,104,26.96,29.06,25.62
2023,105,27.89,30.43,26.15
2023,106,28.44,31.29,26.4
2023,107,29.34,32.18,26.67
2023,108,29.5,33.03,26.22
2023,109,29.33,32.77,26.48
2023,110,29.91,33.5,27.3
2023,111,29.89,32.83,27.3
2023,112,30.19,33.35,27.83
2023,113,29.93,33.83,26.55
2023,114,29.33,33.26,26.64
2023,115,29.33,33.49,26.04
2023,116,29.53,33.49,26.26
2023,117,29.4,33.68,26.07
2023,118,29.6,34.08,25.67
2023,119,30.13,33.87,26.48
2023,120,29.86,32.69,27.19
2023,121,29.83,33.72,27.12
2023,122,29.94,34.27,27.19
2023,123,29.51,33.53,26.01
2023,124,29.39,32.77,26.86
2023,125,29.69,33.35,27.08
2023,126,30.11,34.02,26.93
2023,127,30.02,34.15,26.34
2023,128,30.12,33.6,27.84
2023,129,29.57,31.83,27.73
2023,130,29.91,32.85,27.23
2023,131,29.14,31.19,27.44
2023,132,29.74,32.87,26.76
2023,133,29.81,33.1,26.68
2023,134,29.51,31.88,27.87
2023,135,29.39,31.68,27.76
2023,136,29.3,31.51,27.86
2023,137,29.26,31.23,27.9
2023,138,29.62,32.16,28.01
2023,139,29.19,31.05,27.74
2023,140,29.3,31.19,27.9
2023,141,29.01,31.28,27.69
2023,142,28.58,29.78,27.69
2023,143,29.3,31.01,27.84
2023,144,28.88,30,28.08
2023,145,28.47,29.98,27.43
2023,146,28.89,30.86,27.19
2023,147,28.99,31.25,27.44
2023,148,29.3,31.6,27
2023,149,29.89,31.62,28.73
2023,150,29.47,30.73,28.63
2023,151,29.6,31.16,28.61
2023,152,29.4,30.78,28.57
2023,153,29.09,30.38,28.33
2023,154,28.65,29.9,27.8
2023,155,28.22,29.21,27.48
2023,156,28.82,31,27.24
2023,157,28.25,29.99,26.92
2023,158,28.6,31.13,26.66
2023,159,28.16,29.49,27.46
2023,160,28.72,30.48,27.37
2023,161,28.63,29.8,27.65
2023,162,28.27,28.89,27.58
2023,163,28.44,29.51,27.58
2023,164,28.56,29.48,27.87
2023,165,28.52,29.44,27.63
2023,166,28.18,29.01,27.39
2023,167,28.76,30.69,27.22
2023,168,29.3,32.09,27.01
2023,169,28.84,30.7,27.19
2023,170,28.61,30.44,27.3
2023,171,28.85,31.12,27.16
2023,172,29.24,31.02,27.91
2023,173,29.21,30.71,28.03
2023,174,29.07,30.37,27.69
2023,175,29.21,31.33,27.69
2023,176,27.95,29.72,26.98
2023,177,28.25,29.12,27.37
2023,178,28.39,29.94,26.81
2023,179,27.7,28.62,26.83
2023,180,27.83,28.87,27.01
2023,181,27.91,28.84,26.88
2023,182,28.54,29.91,27.49
2023,183,28.79,30.09,27.79
2023,184,28.57,30.49,26.81
2023,185,29.2,31.47,27.08
2023,186,28.79,30.5,27.47
2023,187,29.53,32.09,27.49
2023,188,29.34,31.07,27.27
2023,189,29.59,32.25,27.02
2023,190,29.74,31.5,27.14
2023,191,29.86,32.25,27.98
2023,192,29.36,31.23,27.37
2023,193,29.08,30.62,27.9
2023,194,27.7,28.1,27.27
2023,195,28,28.66,27.3
2023,196,28.46,29.63,27.62
2023,197,28.21,29.08,27.44
2023,198,28.1,28.87,27.24
2023,199,27.96,29.09,27.07
2023,200,28.53,30.23,26.94
2023,201,29.23,31.17,27.34
2023,202,28.58,30.19,26.94
2023,203,27.8,28.8,27.05
2023,204,27.61,28.85,26.76
2023,205,27.4,28.01,26.54
2023,206,27.95,28.8,27.37
2023,207,27.98,28.55,27.2
2023,208,28.12,28.94,27.55
2023,209,27.85,28.8,27.25
2023,210,27.6,28.51,26.84
2023,211,27.41,28.12,26.93
2023,212,27.53,28.25,26.75
2023,213,27.74,28.55,27.15
2023,214,27.87,28.69,27.12
2023,215,27.9,28.64,27.39
2023,216,28.02,29.23,26.98
2023,217,28.17,29.34,27.32
2023,218,28.17,29.38,27.29
2023,219,28.22,29.49,27.24
2023,220,28.37,29.51,27.41
2023,221,28.59,29.69,27.69
2023,222,28.63,29.73,27.69
2023,223,28.25,29.12,27.35
2023,224,28.11,28.81,27.3
2023,225,28.49,29.4,27.55
2023,226,27.96,28.76,27.24
2023,227,28.23,29.8,27.14
2023,228,28.11,29.13,26.91
2023,229,28.33,29.64,27.33
2023,230,28.15,29.65,27.17
2023,231,28.4,29.77,27.33
2023,232,27.94,28.9,27.14
2023,233,28.18,29.31,27.06
2023,234,27.51,28.12,26.62
2023,235,27.82,29.14,26.5
2023,236,27.83,28.7,27.06
2023,237,27.89,28.8,26.94
2023,238,27.83,28.44,27.37
2023,239,28.15,28.6,27.45
2023,240,28.49,29.45,27.71
2023,241,27.94,28.73,27.23
2023,242,28,28.82,27.4
2023,243,28.28,29.51,27.34
2023,244,28.22,29.04,27.69
2023,245,28.23,29.04,27.56
2023,246,28.21,28.93,27.73
2023,247,28.1,28.87,27.62
2023,248,27.77,28.61,27.05
2023,249,27.92,29.33,26.71
2023,250,28.11,30.08,27.02
2023,251,28.12,29.88,26.87
2023,252,28.09,29.98,26.74
2023,253,27.74,28.93,26.65
2023,254,27.89,29.7,26.55
2023,255,27.42,28.27,26.65
2023,256,27.3,28.12,26.66
2023,257,27.58,29.05,26.33
2023,258,27.4,29.18,26.25
2023,259,28.48,30.78,26.14
2023,260,28.74,30.38,27.13
2023,261,29.06,31.16,27.37
2023,262,29.08,30.75,27.28
2023,263,29.3,31.4,27.29
2023,264,29.05,31,27.43
2023,265,28.03,29.39,27.21
2023,266,27.44,28.65,26.6
2023,267,27.72,29.08,26.21
2023,268,28.05,29.37,27.2
2023,269,28.34,30.05,27.13
2023,270,28.07,29.24,27.08
2023,271,27.98,28.73,27.3
2023,272,28.19,30.35,26.87
2023,273,28.05,29.01,27.26
2023,274,28.41,29.87,27.23
2023,275,28.09,28.96,27.47
2023,276,28.33,29.26,27.65
2023,277,27.92,28.44,27.51
2023,278,27.83,28.87,26.68
2023,279,27.35,28.38,26.57
2023,280,27.9,29.98,26.58
2023,281,28.44,30.75,26.37
2023,282,28.44,30.63,26.24
2023,283,28.23,30.1,26.9
2023,284,28.02,29.89,26.53
2023,285,27.94,29.39,26.79
2023,286,28.59,31.27,26.45
2023,287,28.48,30.23,26.84
2023,288,28.12,29.84,26.48
2023,289,26.95,27.57,26.33
2023,290,28.27,30.76,26.04
2023,291,28.19,30.23,26.61
2023,292,28.1,30.61,26.33
2023,293,28.08,30.02,25.94
2023,294,27.76,28.97,26.76
2023,295,27.37,28.72,26.3
2023,296,27.01,28.71,25.83
2023,297,27.73,29.87,25.48
2023,298,28.27,30.94,26.25
2023,299,28.23,30.63,25.86
2023,300,28.66,31.07,26.69
2023,301,28.3,30.61,26.51
2023,302,27.92,30.82,26.01
2023,303,27.98,30.95,25.87
2023,304,27.82,30.42,25.81
2023,305,27.33,28.53,26.27
2023,306,27.72,29.25,26.29
2023,307,28.35,30.87,25.95
2023,308,28.24,30.42,26.25
2023,309,28.15,29.65,26.82
2023,310,28.31,30.92,26.43
2023,311,27.73,29.43,26.33
2023,312,27.68,29.33,26.52
2023,313,28.24,30.86,26.63
2023,314,28.02,30.97,25.73
2023,315,27.65,30.5,25.42
2023,316,28.08,30.48,26.3
2023,317,27.47,30.06,25.85
2023,318,27.4,30.09,25.64
2023,319,27.37,29.54,25.94
2023,320,27.44,30.5,25.41
2023,321,27.04,30.21,24.79
2023,322,26.73,29.75,24.7
2023,323,26.37,29.51,24.3
2023,324,26.74,30.08,24.11
2023,325,26.94,30.19,24.76
2023,326,26.98,29.87,24.54
2023,327,27.5,30,25.51
2023,328,27.32,29.28,25.98
2023,329,27.12,29.6,25.4
2023,330,27.22,30.21,25.05
2023,331,27.65,30.7,25.33
2023,332,27.34,29.92,25.83
2023,333,27.62,30.11,25.9
2023,334,27.33,29.64,25.83
2023,335,27.21,29.98,25.63
2023,336,27.33,30.16,25.48
2023,337,26.9,30.33,24.12
2023,338,27.46,30.58,25.04
2023,339,28.06,30.65,25.55
2023,340,27.8,29.65,25.87
2023,341,27.52,29.97,25.83
2023,342,27.27,30.38,25.16
2023,343,27.12,30.37,24.84
2023,344,27.23,30.33,24.77
2023,345,27.33,30.49,24.87
2023,346,27.55,30.69,25.37
2023,347,27.54,30.65,25.5
2023,348,27.02,30.17,24.65
2023,349,27.03,30.04,24.88
2023,350,27.26,30.26,25.19
2023,351,26.65,29.48,24.71
2023,352,27.15,29.96,25.43
2023,353,27.37,30.23,25.44
2023,354,27.2,29.28,25.45
2023,355,27.03,29.34,25.62
2023,356,25.92,27.83,24.75
2023,357,25.66,28.32,23.87
2023,358,26.51,29.61,24.08
2023,359,26.39,29.31,24.36
2023,360,26.59,29.68,24.56
2023,361,26.73,29.79,24.48
2023,362,26.69,29.4,24.98
2023,363,26.78,29.96,24.58
2023,364,27.35,30.38,25.03
2023,365,27.45,30.3,25.43
2024,1,27.48,30.11,25.51
2024,2,27.43,29.97,25.57
2024,3,27.63,30.17,25.29
2024,4,27.23,30.48,25.31
2024,5,26.7,30.14,24.55
2024,6,26.69,30.27,23.87
2024,7,26.42,29.84,24.17
2024,8,26.73,30.1,24.43
2024,9,27.39,30.41,24.64
2024,10,27.93,30.83,25.11
2024,11,26.41,29.55,24.21
2024,12,25.57,28.76,23.33
2024,13,25.57,29.3,23.42
2024,14,25.68,29.23,23.2
2024,15,25.59,29.44,23.25
2024,16,24.93,28.06,22.83
2024,17,24.81,28.15,22.46
2024,18,25.48,29.4,22.2
2024,19,26.37,30.01,23.91
2024,20,26.25,29.73,23.6
2024,21,26.73,30.51,23.51
2024,22,26.58,30.03,24.08
2024,23,26.9,29.98,24.19
2024,24,25.65,28.98,23.48
2024,25,25.16,29.11,23.05
2024,26,24.64,28.53,22.19
2024,27,24.5,28.62,21.9
2024,28,24.4,28.11,21.91
2024,29,24.82,29.01,22.14
2024,30,25.3,29.49,22.2
2024,31,25.73,29.61,22.83
2024,32,25.75,29.59,22.88
2024,33,26.51,30.96,23.09
2024,34,27.03,31.51,23.75
2024,35,27.09,31.78,23.53
2024,36,27.26,31.69,24.29
2024,37,27.31,31.94,23.63
2024,38,27.18,31.69,23.65
2024,39,27.3,31.33,23.78
2024,40,27.76,32.15,24.3
2024,41,27.13,31.26,24.18
2024,42,26.57,30.94,23.83
2024,43,25.77,29.79,23.37
2024,44,26.58,30.81,23.38
2024,45,27.19,31.62,23.68
2024,46,27.7,31.94,24.5
2024,47,27.58,31.59,24.61
2024,48,27.12,31.65,23.93
2024,49,27.4,32.1,23.31
2024,50,27.32,31.84,24.12
2024,51,27.41,32.23,23.89
2024,52,27.51,31.83,24.01
2024,53,28.04,32.73,24.1
2024,54,27.87,32.51,24.8
2024,55,28.08,32.37,24.1
2024,56,27.94,31.81,25.37
2024,57,27.13,31.69,24.09
2024,58,26.85,31.51,23.48
2024,59,26.73,31.18,23.62
2024,60,27.12,31.87,23.43
2024,61,27.78,32.29,23.94
2024,62,27.62,31.95,24.43
2024,63,27.51,32.16,24.11
2024,64,28.27,32.23,24.71
2024,65,28.52,32.82,25.22
2024,66,28.12,32.3,24.41
2024,67,28.9,33.64,25.65
2024,68,28.36,32.66,25.28
2024,69,27.7,31.73,24.92
2024,70,27.51,32.03,24.7
2024,71,27.93,32,24.18
2024,72,27.87,31.41,25.29
2024,73,27.27,30.47,24.8
2024,74,27.32,31.48,24.15
2024,75,27.61,31.81,24.65
2024,76,27.62,31.34,24.73
2024,77,27.89,31.65,25.16
2024,78,27.44,31.41,24.76
2024,79,27.71,31.58,24.33
2024,80,27.72,32.01,24.77
2024,81,26.98,31.19,24.13
2024,82,27.34,31.51,23.97
2024,83,27.84,31.83,24.57
2024,84,28.09,32.63,24.78
2024,85,28.32,32.76,25.01
2024,86,28.68,32.62,25.29
2024,87,28.7,31.58,27.05
2024,88,29.04,32.29,26.4
2024,89,28.98,31.92,26.66
2024,90,28.99,33.35,26.11
2024,91,28.61,32.47,24.76
2024,92,29.53,33.55,25.92
2024,93,29.39,33.73,25.77
2024,94,29.23,33.98,25.8
2024,95,29.79,34.03,25.84
2024,96,29.45,33.98,25.66
2024,97,29.65,34.32,26.15
2024,98,29.84,34.19,26.63
2024,99,30.05,34.8,26.24
2024,100,30.18,34.98,26.19
2024,101,29.67,33.9,26.68
2024,102,29.69,34.24,26.08
2024,103,30.15,34.67,26.37
2024,104,30.12,34.5,25.95
2024,105,30.41,34.64,26.65
2024,106,30.93,35.85,26.59
2024,107,30.57,35.38,25.94
2024,108,30.68,35.83,25.92
2024,109,31.06,35.34,27.32
2024,110,31.44,35.3,27.94
2024,111,31.22,35.48,27.28
2024,112,30.83,35.2,27.26
2024,113,30.88,35.33,27.3
2024,114,31.23,34.91,27.9
2024,115,31.3,34.42,28.58
2024,116,31.05,34.74,28.05
2024,117,31.51,35.36,28.22
2024,118,31.93,35.9,28.4
2024,119,32.02,35.5,29.01
2024,120,31.74,36.24,28.56
2024,121,31.42,35.63,27.08
